{"pnl_today": -347.8608596800003, "pnl_week": -942.651850810001, "pnl_month": -942.651850810001, "pnl_total": -942.651850810001}